章节	类型	实体	说明	上下文
001_五帝本纪	cross_type	熊	同时标为 biology 和 place	
004_周本纪	unknown_bio	离	标注了〖+离〗但不在词表内	+虎〗如〖+罴〗，如〖+豺〗如〖+离〗，于〖=商郊〗，不御克饹，以役
004_周本纪	unknown_bio	兽	标注了〖+兽〗但不在词表内	女饹之。其母曰：“必致之王。夫〖+兽〗三为群，人三为众，女三为粲。王
006_秦始皇本纪	cross_type	狼	同时标为 biology 和 astronomy	
007_项羽本纪	unknown_bio	山河	标注了〖+山河〗但不在词表内	王〗曰：↵↵> "〖=关中〗阻〖+山河〗四塞，地肥饶，可都以霸。"↵↵
012_孝武本纪	unknown_bio	一角兽	标注了〖+一角兽〗但不在词表内	祗〖^郊祀〗，〚上帝〛报享，锡〖+一角兽〗，盖麟云。"↵↵[11.3] 
012_孝武本纪	unknown_bio	一角兽	标注了〖+一角兽〗但不在词表内	曰〖%元光〗，〖%三元〗以郊得〖+一角兽〗曰〖%元狩〗云。↵↵## 封禅
012_孝武本纪	unknown_bio	黄云	标注了〖+黄云〗但不在词表内	.5] 至〖=中山〗，晏温，有〖+黄云〗盖焉。↵↵[20.6] 有麃过
012_孝武本纪	unknown_bio	犀象	标注了〖+犀象〗但不在词表内	↵[32.15] 兕〖*旄牛〗〖+犀象〗之属弗用。↵↵[32.16] 
012_孝武本纪	untagged	白鹿	词表词未标注	忌〗〚泰一〛坛旁。↵↵### 白鹿与白金↵↵[10] 其後，〖#
013_三代世表	cross_type	燕	同时标为 biology 和 feudal-state	
024_乐书	unknown_bio	兽	标注了〖+兽〗但不在词表内	10] 及其调和谐合，〖+鸟〗〖+兽〗尽感，而况怀〖^五常〗，含好恶
025_律书	unknown_bio	兽	标注了〖+兽〗但不在词表内	殆。↵↵[2.2] 自含戴角之〖+兽〗见犯则校，而况於人怀好恶喜怒之
027_天官书	unknown_bio	封豕	标注了〖+封豕〗但不在词表内	兵起。↵↵[16] 〖!奎〗曰〖+封豕〗，为沟渎。〖!娄〗为聚众。〖!
027_天官书	unknown_bio	黄云	标注了〖+黄云〗但不在词表内	〗，宜蚕；风从〖=西方〗，若旦〖+黄云〗，恶。↵↵[110] 〖%冬至
027_天官书	untagged	六畜	词表词未标注	观其所属。仓府厩库，四通之路。六畜〖*禽兽〗，所产去就；鱼鳖〖=
028_封禅书	unknown_bio	桑穀	标注了〖+桑穀〗但不在词表内	〖%八世〗，至〖@帝太戊〗，有〖+桑穀〗生於廷，一暮大拱，惧。〖@伊陟
028_封禅书	unknown_bio	桑穀	标注了〖+桑穀〗但不在词表内	"妖不胜德。"〖@太戊〗修德，〖+桑穀〗死。〖@伊陟〗赞〖@巫咸〗，〖
028_封禅书	unknown_bio	黄蛇	标注了〖+黄蛇〗但不在词表内	之间，卜居之而吉。〖@文公〗梦〖+黄蛇〗自〔天下〕属地，其口止於〖=鄜
028_封禅书	unknown_bio	比目之鱼	标注了〖+比目之鱼〗但不在词表内	三脊，所以为藉也。〖=东海〗致〖+比目之鱼〗，〖=西海〗致〖+比翼之鸟〗，
028_封禅书	unknown_bio	比翼之鸟	标注了〖+比翼之鸟〗但不在词表内	致〖+比目之鱼〗，〖=西海〗致〖+比翼之鸟〗，然后物有不召而自至者十有五焉
028_封禅书	unknown_bio	麒麟	标注了〖+麒麟〗但不在词表内	而自至者十有五焉。今〖+凤皇〗〖+麒麟〗不来，〖+嘉穀〗不生，而〖+蓬
028_封禅书	unknown_bio	蓬蒿藜莠	标注了〖+蓬蒿藜莠〗但不在词表内	麒麟〗不来，〖+嘉穀〗不生，而〖+蓬蒿藜莠〗茂，〖+鸱枭〗数至，而欲〖^封
028_封禅书	unknown_bio	鸱枭	标注了〖+鸱枭〗但不在词表内	穀〗不生，而〖+蓬蒿藜莠〗茂，〖+鸱枭〗数至，而欲〖^封禅〗，毋乃不可
028_封禅书	unknown_bio	黄龙	标注了〖+黄龙〗但不在词表内	曰："〖@黄帝〗得〖^土德〗，〖+黄龙〗地螾见。〖'夏〗得〖^木德〗，
028_封禅书	unknown_bio	青龙	标注了〖+青龙〗但不在词表内	地螾见。〖'夏〗得〖^木德〗，〖+青龙〗止於郊，〖+草木〗暢茂。〖'殷
028_封禅书	unknown_bio	赤乌	标注了〖+赤乌〗但不在词表内	山溢。〖'周〗得〖^火德〗，有〖+赤乌〗之符。今〖'秦〗变〖'周〗，〖
028_封禅书	unknown_bio	黑龙	标注了〖+黑龙〗但不在词表内	〗之时。昔〖@秦文公〗出猎，获〖+黑龙〗，此其〖^水德〗之瑞。"於是〖
028_封禅书	unknown_bio	黄龙	标注了〖+黄龙〗但不在词表内	〗当〖^土德〗，〖^土德〗之应〖+黄龙〗见。宜改〖^正朔〗，易〖^服色
028_封禅书	unknown_bio	黄龙	标注了〖+黄龙〗但不在词表内	言，非也。罢之。後〖%三岁〗，〖+黄龙〗见〖=成纪〗。〖@文帝〗乃召〖
028_封禅书	unknown_bio	一角兽	标注了〖+一角兽〗但不在词表内	%明年〗，〖^郊〗〖=雍〗，获〖+一角兽〗，若麃然。〖;有司〗曰："〖#
028_封禅书	unknown_bio	一角兽	标注了〖+一角兽〗但不在词表内	祗〖^郊祀〗，〚上帝〛报享，锡〖+一角兽〗，盖〖+麟〗云。"於是以荐〖^
028_封禅书	unknown_bio	麟	标注了〖+麟〗但不在词表内	上帝〛报享，锡〖+一角兽〗，盖〖+麟〗云。"於是以荐〖^五畤〗，畤加
028_封禅书	unknown_bio	一角兽	标注了〖+一角兽〗但不在词表内	"光"，〖%三元〗以〖^郊〗得〖+一角兽〗曰"狩"云。↵↵[70] 其〖
028_封禅书	unknown_bio	黄云	标注了〖+黄云〗但不在词表内	上荐之。至〖=中山〗，曣翚，有〖+黄云〗盖焉。有〖+麃〗过，上自射之，
028_封禅书	unknown_bio	麃	标注了〖+麃〗但不在词表内	〗，曣翚，有〖+黄云〗盖焉。有〖+麃〗过，上自射之，因以祭云。至〖=
028_封禅书	unknown_bio	白雉	标注了〖+白雉〗但不在词表内	五色土益杂封。纵远方奇兽蜚禽及〖+白雉〗诸物，颇以加礼。〖+兕牛〗〖+
028_封禅书	unknown_bio	兕牛	标注了〖+兕牛〗但不在词表内	禽及〖+白雉〗诸物，颇以加礼。〖+兕牛〗〖+犀象〗之属不用。皆至〖=泰
028_封禅书	unknown_bio	犀象	标注了〖+犀象〗但不在词表内	雉〗诸物，颇以加礼。〖+兕牛〗〖+犀象〗之属不用。皆至〖=泰山〗祭后土
028_封禅书	unknown_bio	茅	标注了〖+茅〗但不在词表内	明堂〗图中有一殿，四面无壁，以〖+茅〗盖，通水，圜宫垣为〖*衤复道〗
028_封禅书	unknown_bio	龟	标注了〖+龟〗但不在词表内	洲〛、〚壶梁〛，象海中〚神山〛〖+龟〗〖+鱼〗之属。其南有〖=玉堂〗
031_吴太伯世家	unknown_bio	梓	标注了〖+梓〗但不在词表内	将死，曰：↵↵> "树吾墓上以〖+梓〗，令可为器。抉吾眼置之〖=吴东
032_齐太公世家	unknown_bio	彘	标注了〖+彘〗但不在词表内	〖=姑棼〗，遂猎〖=沛丘〗。见〖+彘〗，从者曰"〖@彭生〗"。公怒，
032_齐太公世家	unknown_bio	彘	标注了〖+彘〗但不在词表内	曰"〖@彭生〗"。公怒，射之，〖+彘〗人立而啼。公惧，坠〖*车〗伤足
032_齐太公世家	cross_type	彘	同时标为 biology 和 place	
033_鲁周公世家	unknown_bio	鸲鹆	标注了〖+鸲鹆〗但不在词表内	1] 〖%二十五年〗〖%春〗,〖+鸲鹆〗来巢。〖@师己〗曰:"〖@文公
033_鲁周公世家	unknown_bio	鸲鹆	标注了〖+鸲鹆〗但不在词表内	@文公〗〖@成公〗之世童谣曰'〖+鸲鹆〗来巢,公在〖=乾侯〗。〖+鸲鹆
033_鲁周公世家	unknown_bio	鸲鹆	标注了〖+鸲鹆〗但不在词表内	+鸲鹆〗来巢,公在〖=乾侯〗。〖+鸲鹆〗入处,公在外野'。"↵↵[21
034_燕召公世家	unknown_bio	棠树	标注了〖+棠树〗但不在词表内	兆民和。〖@召公〗巡行乡邑,有〖+棠树〗,决狱政事其下,自〖#侯〗〖#
034_燕召公世家	unknown_bio	棠树	标注了〖+棠树〗但不在词表内	卒,而民人思〖@召公〗之政,怀〖+棠树〗不敢伐,哥咏之,作〖^甘棠〗之
042_郑世家	cross_type	兰	同时标为 biology 和 person	
043_赵世家	unknown_bio	苕	标注了〖+苕〗但不在词表内	诗曰："〖#美人〗荧荧兮，颜若〖+苕〗之荣。命乎命乎，曾无我嬴！"异
043_赵世家	unknown_bio	毛	标注了〖+毛〗但不在词表内	'秦〗为笑。以为不信，视地之生〖+毛〗。"↵↵[34.4] 〖%七年
044_魏世家	unknown_bio	屣	标注了〖+屣〗但不在词表内	则去之〖'楚〗、〖'越〗，若脱〖+屣〗然，柰何其同之哉！"〖;子击〗
044_魏世家	unknown_bio	山	标注了〖+山〗但不在词表内	楚〗与〖@赵〗矣。是何也？夫越〖+山〗逾〖=河〗，绝〖@韩〗〖=上党
044_魏世家	unknown_bio	山	标注了〖+山〗但不在词表内	=梁〗〖%千里〗，有〖=河〗、〖+山〗以阑之，有〖'周〗、〖@韩〗以
044_魏世家	unknown_bio	林木	标注了〖+林木〗但不在词表内	，〖=文台〗堕，〖=垂都〗焚，〖+林木〗伐，〖+麋鹿〗尽，而国继以围。
044_魏世家	unknown_bio	山	标注了〖+山〗但不在词表内	〗，有〖=郑〗地，无〖=河〗、〖+山〗而阑之，无〖'周〗、〖@韩〗而
045_韩世家	unknown_bio	狼虎	标注了〖+狼虎〗但不在词表内	区鼠〗。↵〖@韩非〗虽使，不禁〖+狼虎〗。↵:::↵
046_田敬仲完世家	unknown_bio	芑	标注了〖+芑〗但不在词表内	收。〖'齐〗人歌之曰："妪乎采〖+芑〗，归乎〖;田成子〗！"〖'齐〗
046_田敬仲完世家	unknown_bio	豨	标注了〖+豨〗但不在词表内	谨毋离前。"〖@淳于髡〗曰："〖+豨〗膏棘轴，所以为滑也，然而不能运
046_田敬仲完世家	unknown_bio	黄狗	标注了〖+黄狗〗但不在词表内	〖+狐〗〖*裘〗虽敝，不可补以〖+黄狗〗之〖*皮〗。"〖;驺忌子〗曰：
046_田敬仲完世家	unknown_bio	齿	标注了〖+齿〗但不在词表内	〖'齐〗、〖'楚〗，扞蔽也，犹〖+齿〗之有〖+脣〗也，〖+脣〗亡则〖
046_田敬仲完世家	unknown_bio	脣	标注了〖+脣〗但不在词表内	'楚〗，扞蔽也，犹〖+齿〗之有〖+脣〗也，〖+脣〗亡则〖+齿〗寒。〖
046_田敬仲完世家	unknown_bio	脣	标注了〖+脣〗但不在词表内	也，犹〖+齿〗之有〖+脣〗也，〖+脣〗亡则〖+齿〗寒。〖%今日〗亡〖
046_田敬仲完世家	unknown_bio	齿	标注了〖+齿〗但不在词表内	〗之有〖+脣〗也，〖+脣〗亡则〖+齿〗寒。〖%今日〗亡〖@赵〗，〖%
047_孔子世家	unknown_bio	石	标注了〖+石〗但不在词表内	羊〗也。〖@丘〗闻之，〖+木〗〖+石〗之怪〚夔〛、〚罔阆〛，〖*水〗
047_孔子世家	unknown_bio	兽	标注了〖+兽〗但不在词表内	〔君子〕讳伤其类也。夫〖+鸟〗〖+兽〗之於不义也尚知辟之，而况乎〖@
047_孔子世家	unknown_bio	兽	标注了〖+兽〗但不在词表内	，〖@孔子〗怃然曰："〖+鸟〗〖+兽〗不可与同群。〔天下〕有道，〖@
047_孔子世家	unknown_bio	肉	标注了〖+肉〗但不在词表内	↵↵[30.3] 〖+鱼〗馁，〖+肉〗败，割不正，不食。席不正，不坐
047_孔子世家	cross_type	肉	同时标为 biology 和 artifact	
048_陈涉世家	unknown_bio	燕雀	标注了〖+燕雀〗但不在词表内	？"〖@陈涉〗太息曰："嗟乎，〖+燕雀〗安知〖+鸿鹄〗之志哉！"↵↵#
048_陈涉世家	unknown_bio	鸿鹄	标注了〖+鸿鹄〗但不在词表内	太息曰："嗟乎，〖+燕雀〗安知〖+鸿鹄〗之志哉！"↵↵## [2] 大
048_陈涉世家	unknown_bio	山河	标注了〖+山河〗但不在词表内	，因利乘便，宰割〔天下〕，分裂〖+山河〗，彊国请服，弱国入朝。↵↵[1
048_陈涉世家	unknown_bio	竿	标注了〖+竿〗但不在词表内	攻〖'秦〗。斩〖+木〗为兵，揭〖+竿〗为旗，〔天下〕云会响应，赢〖*
048_陈涉世家	unknown_bio	鸿鹄	标注了〖+鸿鹄〗但不在词表内	号〖'张楚〗。↵〚鬼〛怪是凭，〖+鸿鹄〗自许。↵〖@葛婴〗东下，〖@周
049_外戚世家	unknown_bio	山	标注了〖+山〗但不在词表内	，至〖=宜阳〗，为其〖@主〗入〖+山〗作〖*炭〗，暮卧岸下〖%百馀人
049_外戚世家	unknown_bio	骐骥	标注了〖+骐骥〗但不在词表内	江海〗，要之去垢；〖+马〗不必〖+骐骥〗，要之善走；士不必贤世，要之知
055_留侯世家	unknown_bio	鸿鹄	标注了〖+鸿鹄〗但不在词表内	，吾为若〖=楚〗歌。”歌曰：“〖+鸿鹄〗高飞，一举〖%千里〗。羽翮已就
060_三王世家	untagged	禽兽	词表词未标注	虑，故诫之曰“荤粥氏无有孝行而禽兽心，以窃盗侵犯边民。朕诏将军往
061_伯夷列传	unknown_bio	松柏	标注了〖+松柏〗但不在词表内	求，从吾所好"。"岁寒，然後知〖+松柏〗之後凋"。举世混浊，清士乃见。
065_孙子吴起列传	unknown_bio	山河	标注了〖+山河〗但不在词表内	，顾而谓〖@吴起〗曰："美哉乎〖+山河〗之固，此〖=魏国〗之宝也！"〖
069_苏秦列传	unknown_bio	枣栗	标注了〖+枣栗〗但不在词表内	=碣石〗、〖=雁门〗之饶，北有〖+枣栗〗之利，民虽不佃作而足於〖+枣栗
069_苏秦列传	unknown_bio	枣栗	标注了〖+枣栗〗但不在词表内	+枣栗〗之利，民虽不佃作而足於〖+枣栗〗矣。此所谓天府者也。↵↵[6]
069_苏秦列传	unknown_bio	橐驼	标注了〖+橐驼〗但不在词表内	〗必充後宫，〖=燕〗、〖=代〗〖+橐驼〗良〖*马〗必实外厩。故从合则〖
084_屈原贾生列传	unknown_bio	鸾	标注了〖+鸾〗但不在词表内	,乃陨厥身。呜呼哀哉,逢时不祥〖+鸾〗〖+凤〗伏窜兮,〖+鸱〗〖+枭
084_屈原贾生列传	unknown_bio	凤	标注了〖+凤〗但不在词表内	身。呜呼哀哉,逢时不祥〖+鸾〗〖+凤〗伏窜兮,〖+鸱〗〖+枭〗翱翔。
084_屈原贾生列传	unknown_bio	鸱	标注了〖+鸱〗但不在词表内	时不祥〖+鸾〗〖+凤〗伏窜兮,〖+鸱〗〖+枭〗翱翔。阘茸尊显兮,谗谀
084_屈原贾生列传	unknown_bio	枭	标注了〖+枭〗但不在词表内	+鸾〗〖+凤〗伏窜兮,〖+鸱〗〖+枭〗翱翔。阘茸尊显兮,谗谀得志;贤
084_屈原贾生列传	unknown_bio	凤	标注了〖+凤〗但不在词表内	,国其莫我知,独堙郁兮其谁语？〖+凤〗漂漂其高遰兮,夫固自缩而远去。
084_屈原贾生列传	unknown_bio	螘	标注了〖+螘〗但不在词表内	以自珍。弥融爚以隐处兮,夫岂从〖+螘〗与〖+蛭〗〖+螾〗？所贵〔圣人
084_屈原贾生列传	unknown_bio	蛭	标注了〖+蛭〗但不在词表内	融爚以隐处兮,夫岂从〖+螘〗与〖+蛭〗〖+螾〗？所贵〔圣人〕之神德兮
084_屈原贾生列传	unknown_bio	螾	标注了〖+螾〗但不在词表内	处兮,夫岂从〖+螘〗与〖+蛭〗〖+螾〗？所贵〔圣人〕之神德兮,远浊世
084_屈原贾生列传	unknown_bio	骐骥	标注了〖+骐骥〗但不在词表内	人〕之神德兮,远浊世而自藏。使〖+骐骥〗可得系羁兮,岂云异夫〖+犬〗〖
084_屈原贾生列传	unknown_bio	鳣	标注了〖+鳣〗但不在词表内	吞舟之〖+鱼〗!横〖=江湖〗之〖+鳣〗〖+鲟〗兮,固将制於〖+蚁〗〖
084_屈原贾生列传	unknown_bio	鲟	标注了〖+鲟〗但不在词表内	+鱼〗!横〖=江湖〗之〖+鳣〗〖+鲟〗兮,固将制於〖+蚁〗〖+蝼〗。
084_屈原贾生列传	unknown_bio	蝼	标注了〖+蝼〗但不在词表内	〗〖+鲟〗兮,固将制於〖+蚁〗〖+蝼〗。↵:::↵↵## [13] 
084_屈原贾生列传	unknown_bio	鸮	标注了〖+鸮〗但不在词表内	〖;长沙王太傅〗〖%三年〗,有〖+鸮〗飞入〖@贾生〗舍,止于坐隅。〖
084_屈原贾生列传	unknown_bio	鸮	标注了〖+鸮〗但不在词表内	生〗舍,止于坐隅。〖'楚〗人命〖+鸮〗曰"服"。〖@贾生〗既以適居〖
086_刺客列传	unknown_bio	鸿毛	标注了〖+鸿毛〗但不在词表内	,此所谓'资怨而助祸'矣。夫以〖+鸿毛〗燎於〖*炉〗〖*炭〗之上,必无
086_刺客列传	unknown_bio	骐骥	标注了〖+骐骥〗但不在词表内	留意也。"〖;田光〗曰:"臣闻〖+骐骥〗盛壮之时,〖%一日〗而驰〖%千
086_刺客列传	unknown_bio	驽马	标注了〖+驽马〗但不在词表内	日〗而驰〖%千里〗;至其衰老,〖+驽马〗先之。今〖#太子〗闻〖@光〗盛
087_李斯列传	unknown_bio	禽	标注了〖+禽〗但不在词表内	秋也。处卑贱之位而计不为者,此〖+禽〗〖+鹿〗视〖+肉〗,人面而能彊
087_李斯列传	unknown_bio	肉	标注了〖+肉〗但不在词表内	计不为者,此〖+禽〗〖+鹿〗视〖+肉〗,人面而能彊行者耳。故诟莫大於
087_李斯列传	unknown_bio	纤离之马	标注了〖+纤离之马〗但不在词表内	月之珠〗,服〖*太阿之剑〗,乘〖+纤离之马〗,建〖*翠凤之旗〗,树〖*灵鼍
087_李斯列传	unknown_bio	骏良	标注了〖+骏良〗但不在词表内	为玩好,郑、卫之女不充後宫,而〖+骏良〗〖+駃騠〗不实外厩,江南金**
087_李斯列传	unknown_bio	駃騠	标注了〖+駃騠〗但不在词表内	、卫之女不充後宫,而〖+骏良〗〖+駃騠〗不实外厩,江南金**锡〖*不为
087_李斯列传	unknown_bio	花	标注了〖+花〗但不在词表内	制上谓之贼。故秋霜降者〖+草〗〖+花〗落,水摇动者万物作,此必然之效
087_李斯列传	unknown_bio	六骥	标注了〖+六骥〗但不在词表内	"〖#夫人〗生居世间也,譬犹骋〖+六骥〗过决隙也。吾既已临〔天下〕矣,
087_李斯列传	unknown_bio	藜	标注了〖+藜〗但不在词表内	裘,夏日〖*葛衣〗,粢粝之食,〖+藜〗〖+藿〗之羹,饭〖*土匭〗,啜
087_李斯列传	unknown_bio	藿	标注了〖+藿〗但不在词表内	〖*葛衣〗,粢粝之食,〖+藜〗〖+藿〗之羹,饭〖*土匭〗,啜〖*土鉶
087_李斯列传	unknown_bio	狡兔	标注了〖+狡兔〗但不在词表内	犬〗俱出〖=上蔡〗〖=东门〗逐〖+狡兔〗,岂可得乎!"遂〖#父子〗相哭
092_淮阴侯列传	unknown_bio	山河	标注了〖+山河〗但不在词表内	众〗，距〖=巩〗、〖=雒〗，阻〖+山河〗之险，〖%一日〗数战，无尺寸之
092_淮阴侯列传	unknown_bio	兽	标注了〖+兽〗但不在词表内	;句践〗，立功成名而身死亡。野〖+兽〗已尽而猎〖+狗〗亨。夫以交友言
094_田儋列传	unknown_bio	蝮	标注了〖+蝮〗但不在词表内	以市於〖'齐〗。〖'齐〗曰："〖+蝮〗螫手则斩手，螫足则斩足。何者？
099_刘敬叔孙通列传	unknown_bio	樱桃	标注了〖+樱桃〗但不在词表内	曰："古者有〖^春尝果〗，方今〖+樱桃〗孰，可献，原〖#陛下〗出，因取
099_刘敬叔孙通列传	unknown_bio	樱桃	标注了〖+樱桃〗但不在词表内	孰，可献，原〖#陛下〗出，因取〖+樱桃〗献〖^宗庙〗。"上乃许之。诸〖
099_刘敬叔孙通列传	unknown_bio	果	标注了〖+果〗但不在词表内	〗献〖^宗庙〗。"上乃许之。诸〖+果〗献由此兴。↵↵## [8] 太
104_田叔列传	unknown_bio	麋	标注了〖+麋〗但不在词表内	〗民俱出猎，〖@任安〗常为人分〖+麋〗〖+鹿〗〖+雉〗〖+兔〗，部署
104_田叔列传	cross_type	马	同时标为 biology 和 artifact	
105_扁鹊仓公列传	unknown_bio	翟犬	标注了〖+翟犬〗但不在词表内	皆有副。吾见兒在帝侧，帝属我一〖+翟犬〗，曰："及而子之壮也以赐之。"
105_扁鹊仓公列传	unknown_bio	豆	标注了〖+豆〗但不在词表内	病，即饮以消石一齐，出血，血如〖+豆〗比〖%五六〗枚。↵↵### [
105_扁鹊仓公列传	unknown_bio	蛲	标注了〖+蛲〗但不在词表内	。臣〖@意〗饮以芫华一撮，即出〖+蛲〗可〖%数升〗，病已，〖%三十日
105_扁鹊仓公列传	cross_type	马	同时标为 biology 和 artifact	
106_吴王濞列传	unknown_bio	蝗蟲	标注了〖+蝗蟲〗但不在词表内	之意，人事极矣。〖!彗星〗出，〖+蝗蟲〗数起，此〖%万世〗一时，而愁劳
106_吴王濞列传	unknown_bio	山河	标注了〖+山河〗但不在词表内	〖=武库〗，食〖=敖仓〗粟，阻〖+山河〗之险以令〖#诸侯〗，虽毋入关，
108_韩长孺列传	unknown_bio	鸿毛	标注了〖+鸿毛〗但不在词表内	不能穿鲁缟；冲风之末，力不能漂〖+鸿毛〗。非初不劲，末力衰也。击之不便
109_李将军列传	unknown_bio	雕	标注了〖+雕〗但不在词表内	〖@广〗。〖@广〗曰："是必射〖+雕〗者也。"〖@广〗乃遂从〖%百〗
109_李将军列传	unknown_bio	雕	标注了〖+雕〗但不在词表内	生得〖%一〗人，果〖~匈奴〗射〖+雕〗者也。已缚之上〖*马〗，望〖~
109_李将军列传	cross_type	李	同时标为 biology 和 person	
110_匈奴列传	unknown_bio	橐驼	标注了〖+橐驼〗但不在词表内	、〖+牛〗、〖+羊〗，其奇畜则〖+橐驼〗、〖+驴〗、〖+騊駼〗、〖+驒
110_匈奴列传	unknown_bio	騊駼	标注了〖+騊駼〗但不在词表内	其奇畜则〖+橐驼〗、〖+驴〗、〖+騊駼〗、〖+驒騱〗。逐水草迁徙，毋城
110_匈奴列传	unknown_bio	驒騱	标注了〖+驒騱〗但不在词表内	橐驼〗、〖+驴〗、〖+騊駼〗、〖+驒騱〗。逐水草迁徙，毋城郭常处耕田之
110_匈奴列传	unknown_bio	四白狼	标注了〖+四白狼〗但不在词表内	，而〖@穆王〗伐〖~犬戎〗，得〖+四白狼〗〖+四白鹿〗以归。自是之後，〖
110_匈奴列传	unknown_bio	四白鹿	标注了〖+四白鹿〗但不在词表内	〗伐〖~犬戎〗，得〖+四白狼〗〖+四白鹿〗以归。自是之後，〖^荒服〗不至
110_匈奴列传	unknown_bio	兽	标注了〖+兽〗但不在词表内	不悉射者，斩之。"行猎〖+鸟〗〖+兽〗，有不射〖*鸣镝〗所射者，辄斩
110_匈奴列传	unknown_bio	青駹马	标注了〖+青駹马〗但不在词表内	方〗尽〖+白马〗，〖=东方〗尽〖+青駹马〗，〖=北方〗尽〖+乌骊马〗，〖
110_匈奴列传	unknown_bio	乌骊马	标注了〖+乌骊马〗但不在词表内	〗尽〖+青駹马〗，〖=北方〗尽〖+乌骊马〗，〖=南方〗尽〖+骍马〗。〖@
110_匈奴列传	unknown_bio	骍马	标注了〖+骍马〗但不在词表内	〗尽〖+乌骊马〗，〖=南方〗尽〖+骍马〗。〖@高帝〗乃使使间厚遗〖;阏
110_匈奴列传	unknown_bio	橐他	标注了〖+橐他〗但不在词表内	;郎中〗〖@系雩浅〗奉书请，献〖+橐他〗一匹，骑〖+马〗〖%二匹〗，驾
111_卫将军骠骑列传	unknown_bio	留落	标注了〖+留落〗但不在词表内	幸,未尝困绝也。然而诸宿将常坐〖+留落〗不遇。由此〖;骠骑〗日以亲贵,
112_平津侯主父列传	cross_type	马	同时标为 biology 和 artifact	
112_平津侯主父列传	cross_type	燕	同时标为 biology 和 feudal-state	
112_平津侯主父列传	cross_type	牛	同时标为 biology 和 artifact	
117_司马相如列传	unknown_bio	麋	标注了〖+麋〗但不在词表内	弥山，揜〖+兔〗辚〖+鹿〗，射〖+麋〗脚〖+麟〗。鹜於〖=盐浦〗，割
117_司马相如列传	unknown_bio	麟	标注了〖+麟〗但不在词表内	+兔〗辚〖+鹿〗，射〖+麋〗脚〖+麟〗。鹜於〖=盐浦〗，割鲜染轮。射
117_司马相如列传	unknown_bio	蕙圃	标注了〖+蕙圃〗但不在词表内	〗玄厉，萩石**武夫。其东则有〖+蕙圃〗〖+衡兰〗，〖+芷〗〖+若〗〖
117_司马相如列传	unknown_bio	衡兰	标注了〖+衡兰〗但不在词表内	石**武夫。其东则有〖+蕙圃〗〖+衡兰〗，〖+芷〗〖+若〗〖+射干〗，
117_司马相如列传	unknown_bio	芷	标注了〖+芷〗但不在词表内	其东则有〖+蕙圃〗〖+衡兰〗，〖+芷〗〖+若〗〖+射干〗，〖+穹穷〗
117_司马相如列传	unknown_bio	若	标注了〖+若〗但不在词表内	〖+蕙圃〗〖+衡兰〗，〖+芷〗〖+若〗〖+射干〗，〖+穹穷〗〖+昌蒲
117_司马相如列传	unknown_bio	射干	标注了〖+射干〗但不在词表内	〗〖+衡兰〗，〖+芷〗〖+若〗〖+射干〗，〖+穹穷〗〖+昌蒲〗，〖+江
117_司马相如列传	unknown_bio	穹穷	标注了〖+穹穷〗但不在词表内	，〖+芷〗〖+若〗〖+射干〗，〖+穹穷〗〖+昌蒲〗，〖+江离〗〖+麋芜
117_司马相如列传	unknown_bio	昌蒲	标注了〖+昌蒲〗但不在词表内	〖+若〗〖+射干〗，〖+穹穷〗〖+昌蒲〗，〖+江离〗〖+麋芜〗，〖+诸
117_司马相如列传	unknown_bio	江离	标注了〖+江离〗但不在词表内	射干〗，〖+穹穷〗〖+昌蒲〗，〖+江离〗〖+麋芜〗，〖+诸蔗〗〖+猼且
117_司马相如列传	unknown_bio	麋芜	标注了〖+麋芜〗但不在词表内	+穹穷〗〖+昌蒲〗，〖+江离〗〖+麋芜〗，〖+诸蔗〗〖+猼且〗。其南则
117_司马相如列传	unknown_bio	诸蔗	标注了〖+诸蔗〗但不在词表内	昌蒲〗，〖+江离〗〖+麋芜〗，〖+诸蔗〗〖+猼且〗。其南则有平原广泽，
117_司马相如列传	unknown_bio	猼且	标注了〖+猼且〗但不在词表内	+江离〗〖+麋芜〗，〖+诸蔗〗〖+猼且〗。其南则有平原广泽，登降纮靡，
117_司马相如列传	unknown_bio	葴	标注了〖+葴〗但不在词表内	缘以大江，限以巫山。其高燥则生〖+葴〗〖+蓇〗〖+苞荔〗，〖+薛〗〖
117_司马相如列传	unknown_bio	蓇	标注了〖+蓇〗但不在词表内	，限以巫山。其高燥则生〖+葴〗〖+蓇〗〖+苞荔〗，〖+薛〗〖+莎〗〖
117_司马相如列传	unknown_bio	苞荔	标注了〖+苞荔〗但不在词表内	山。其高燥则生〖+葴〗〖+蓇〗〖+苞荔〗，〖+薛〗〖+莎〗〖+青薠〗。
117_司马相如列传	unknown_bio	薛	标注了〖+薛〗但不在词表内	生〖+葴〗〖+蓇〗〖+苞荔〗，〖+薛〗〖+莎〗〖+青薠〗。其卑湿则生
117_司马相如列传	unknown_bio	莎	标注了〖+莎〗但不在词表内	〗〖+蓇〗〖+苞荔〗，〖+薛〗〖+莎〗〖+青薠〗。其卑湿则生〖+藏莨
117_司马相如列传	unknown_bio	青薠	标注了〖+青薠〗但不在词表内	〗〖+苞荔〗，〖+薛〗〖+莎〗〖+青薠〗。其卑湿则生〖+藏莨〗〖+蒹葭
117_司马相如列传	unknown_bio	藏莨	标注了〖+藏莨〗但不在词表内	〖+莎〗〖+青薠〗。其卑湿则生〖+藏莨〗〖+蒹葭〗，〖+东蔷〗〖+雕胡
117_司马相如列传	unknown_bio	蒹葭	标注了〖+蒹葭〗但不在词表内	+青薠〗。其卑湿则生〖+藏莨〗〖+蒹葭〗，〖+东蔷〗〖+雕胡〗，〖+莲
117_司马相如列传	unknown_bio	东蔷	标注了〖+东蔷〗但不在词表内	卑湿则生〖+藏莨〗〖+蒹葭〗，〖+东蔷〗〖+雕胡〗，〖+莲藕〗〖+菰芦
117_司马相如列传	unknown_bio	雕胡	标注了〖+雕胡〗但不在词表内	+藏莨〗〖+蒹葭〗，〖+东蔷〗〖+雕胡〗，〖+莲藕〗〖+菰芦〗，〖+菴
117_司马相如列传	unknown_bio	莲藕	标注了〖+莲藕〗但不在词表内	蒹葭〗，〖+东蔷〗〖+雕胡〗，〖+莲藕〗〖+菰芦〗，〖+菴{艹闾}〗〖
117_司马相如列传	unknown_bio	菰芦	标注了〖+菰芦〗但不在词表内	+东蔷〗〖+雕胡〗，〖+莲藕〗〖+菰芦〗，〖+菴{艹闾}〗〖+轩芋〗，
117_司马相如列传	unknown_bio	菴{艹闾}	标注了〖+菴{艹闾}〗但不在词表内	雕胡〗，〖+莲藕〗〖+菰芦〗，〖+菴{艹闾}〗〖+轩芋〗，物居之，不可胜图。
117_司马相如列传	unknown_bio	轩芋	标注了〖+轩芋〗但不在词表内	〗〖+菰芦〗，〖+菴{艹闾}〗〖+轩芋〗，物居之，不可胜图。其西则有涌
117_司马相如列传	unknown_bio	芙蓉	标注了〖+芙蓉〗但不在词表内	西则有涌泉清池，激水推移；外发〖+芙蓉〗〖+菱华〗，内隐钜石*〖*白沙
117_司马相如列传	unknown_bio	菱华	标注了〖+菱华〗但不在词表内	清池，激水推移；外发〖+芙蓉〗〖+菱华〗，内隐钜石*〖*白沙〗。其中则
117_司马相如列传	unknown_bio	神龟	标注了〖+神龟〗但不在词表内	内隐钜石*〖*白沙〗。其中则有〖+神龟〗〖+蛟〗〖+鼍〗，〖+玳瑁〗〖
117_司马相如列传	unknown_bio	蛟	标注了〖+蛟〗但不在词表内	〖*白沙〗。其中则有〖+神龟〗〖+蛟〗〖+鼍〗，〖+玳瑁〗〖+鳖〗〖
117_司马相如列传	unknown_bio	鼍	标注了〖+鼍〗但不在词表内	〗。其中则有〖+神龟〗〖+蛟〗〖+鼍〗，〖+玳瑁〗〖+鳖〗〖+鼋〗。
117_司马相如列传	unknown_bio	玳瑁	标注了〖+玳瑁〗但不在词表内	有〖+神龟〗〖+蛟〗〖+鼍〗，〖+玳瑁〗〖+鳖〗〖+鼋〗。其北则有阴林
117_司马相如列传	unknown_bio	楩	标注了〖+楩〗但不在词表内	〗〖+鼋〗。其北则有阴林巨树，〖+楩〗〖+棻〗〖+豫章〗，〖+桂〗〖
117_司马相如列传	unknown_bio	棻	标注了〖+棻〗但不在词表内	〗。其北则有阴林巨树，〖+楩〗〖+棻〗〖+豫章〗，〖+桂〗〖+椒〗〖
117_司马相如列传	unknown_bio	豫章	标注了〖+豫章〗但不在词表内	则有阴林巨树，〖+楩〗〖+棻〗〖+豫章〗，〖+桂〗〖+椒〗〖+木兰〗，
117_司马相如列传	unknown_bio	桂	标注了〖+桂〗但不在词表内	，〖+楩〗〖+棻〗〖+豫章〗，〖+桂〗〖+椒〗〖+木兰〗，〖+离硃〗
117_司马相如列传	unknown_bio	木兰	标注了〖+木兰〗但不在词表内	〗〖+豫章〗，〖+桂〗〖+椒〗〖+木兰〗，〖+离硃〗〖+杨〗，〖+楂〗
117_司马相如列传	unknown_bio	离硃	标注了〖+离硃〗但不在词表内	，〖+桂〗〖+椒〗〖+木兰〗，〖+离硃〗〖+杨〗，〖+楂〗〖+梸〗〖+
117_司马相如列传	unknown_bio	杨	标注了〖+杨〗但不在词表内	〖+椒〗〖+木兰〗，〖+离硃〗〖+杨〗，〖+楂〗〖+梸〗〖+甹栗〗，
117_司马相如列传	unknown_bio	楂	标注了〖+楂〗但不在词表内	+木兰〗，〖+离硃〗〖+杨〗，〖+楂〗〖+梸〗〖+甹栗〗，〖+橘〗〖
117_司马相如列传	unknown_bio	梸	标注了〖+梸〗但不在词表内	，〖+离硃〗〖+杨〗，〖+楂〗〖+梸〗〖+甹栗〗，〖+橘〗〖+柚〗芬
117_司马相如列传	unknown_bio	甹栗	标注了〖+甹栗〗但不在词表内	硃〗〖+杨〗，〖+楂〗〖+梸〗〖+甹栗〗，〖+橘〗〖+柚〗芬芳。其上则
117_司马相如列传	unknown_bio	赤猿	标注了〖+赤猿〗但不在词表内	〖+橘〗〖+柚〗芬芳。其上则有〖+赤猿〗〖+蠷蝚〗，〖+鹓雏〗〖+孔鸾
117_司马相如列传	unknown_bio	蠷蝚	标注了〖+蠷蝚〗但不在词表内	+柚〗芬芳。其上则有〖+赤猿〗〖+蠷蝚〗，〖+鹓雏〗〖+孔鸾〗，腾远〖
117_司马相如列传	unknown_bio	鹓雏	标注了〖+鹓雏〗但不在词表内	其上则有〖+赤猿〗〖+蠷蝚〗，〖+鹓雏〗〖+孔鸾〗，腾远〖+射干〗。其
117_司马相如列传	unknown_bio	孔鸾	标注了〖+孔鸾〗但不在词表内	+赤猿〗〖+蠷蝚〗，〖+鹓雏〗〖+孔鸾〗，腾远〖+射干〗。其下则有〖+
117_司马相如列传	unknown_bio	射干	标注了〖+射干〗但不在词表内	〗，〖+鹓雏〗〖+孔鸾〗，腾远〖+射干〗。其下则有〖+白虎〗〖+玄豹〗
117_司马相如列传	unknown_bio	白虎	标注了〖+白虎〗但不在词表内	鸾〗，腾远〖+射干〗。其下则有〖+白虎〗〖+玄豹〗，〖+蟃蜒〗〖+貙豻
117_司马相如列传	unknown_bio	玄豹	标注了〖+玄豹〗但不在词表内	〖+射干〗。其下则有〖+白虎〗〖+玄豹〗，〖+蟃蜒〗〖+貙豻〗，〖+兕
117_司马相如列传	unknown_bio	蟃蜒	标注了〖+蟃蜒〗但不在词表内	其下则有〖+白虎〗〖+玄豹〗，〖+蟃蜒〗〖+貙豻〗，〖+兕〗〖+象〗〖
117_司马相如列传	unknown_bio	貙豻	标注了〖+貙豻〗但不在词表内	+白虎〗〖+玄豹〗，〖+蟃蜒〗〖+貙豻〗，〖+兕〗〖+象〗〖+野犀〗，
117_司马相如列传	unknown_bio	兕	标注了〖+兕〗但不在词表内	玄豹〗，〖+蟃蜒〗〖+貙豻〗，〖+兕〗〖+象〗〖+野犀〗，〖+穷奇〗
117_司马相如列传	unknown_bio	野犀	标注了〖+野犀〗但不在词表内	〗〖+貙豻〗，〖+兕〗〖+象〗〖+野犀〗，〖+穷奇〗〖+獌狿〗。↵↵[
117_司马相如列传	unknown_bio	穷奇	标注了〖+穷奇〗但不在词表内	，〖+兕〗〖+象〗〖+野犀〗，〖+穷奇〗〖+獌狿〗。↵↵[2.6] "
117_司马相如列传	unknown_bio	獌狿	标注了〖+獌狿〗但不在词表内	〖+象〗〖+野犀〗，〖+穷奇〗〖+獌狿〗。↵↵[2.6] "'於是乃使
117_司马相如列传	unknown_bio	邛邛	标注了〖+邛邛〗但不在词表内	〗为御；案节未舒，即陵狡兽，辚〖+邛邛〗，槅距虚，轶〖+野马〗而湜〖+
117_司马相如列传	unknown_bio	野马	标注了〖+野马〗但不在词表内	狡兽，辚〖+邛邛〗，槅距虚，轶〖+野马〗而湜〖+騊駼〗，乘遗风而射游〖
117_司马相如列传	unknown_bio	騊駼	标注了〖+騊駼〗但不在词表内	邛〗，槅距虚，轶〖+野马〗而湜〖+騊駼〗，乘遗风而射游〖+骐〗；儵眒凄
117_司马相如列传	unknown_bio	骐	标注了〖+骐〗但不在词表内	〗而湜〖+騊駼〗，乘遗风而射游〖+骐〗；儵眒凄浰，雷动熛至，〖!星〗
117_司马相如列传	unknown_bio	蕙	标注了〖+蕙〗但不在词表内	与猗靡，吸呷萃蔡，下摩〖+兰〗〖+蕙〗，上拂〖*羽盖〗，错〖+翡翠〗
117_司马相如列传	unknown_bio	翡翠	标注了〖+翡翠〗但不在词表内	〗〖+蕙〗，上拂〖*羽盖〗，错〖+翡翠〗之威蕤，缪绕〖*玉绥〗；缥乎忽
117_司马相如列传	unknown_bio	蕙圃	标注了〖+蕙圃〗但不在词表内	[2.8] "'於是乃相与獠於〖+蕙圃〗，媻珊勃窣上〖*金隄〗，揜〖+
117_司马相如列传	unknown_bio	翡翠	标注了〖+翡翠〗但不在词表内	圃〗，媻珊勃窣上〖*金隄〗，揜〖+翡翠〗，射〖+鵕璘〗，微矰出，纤缴施
117_司马相如列传	unknown_bio	鵕璘	标注了〖+鵕璘〗但不在词表内	上〖*金隄〗，揜〖+翡翠〗，射〖+鵕璘〗，微矰出，纤缴施，弋〖+白鹄〗
117_司马相如列传	unknown_bio	白鹄	标注了〖+白鹄〗但不在词表内	〖+鵕璘〗，微矰出，纤缴施，弋〖+白鹄〗，连〖+驾鹅〗，双〖+鸧〗下，
117_司马相如列传	unknown_bio	驾鹅	标注了〖+驾鹅〗但不在词表内	矰出，纤缴施，弋〖+白鹄〗，连〖+驾鹅〗，双〖+鸧〗下，〖+玄鹤〗加。
117_司马相如列传	unknown_bio	鸧	标注了〖+鸧〗但不在词表内	弋〖+白鹄〗，连〖+驾鹅〗，双〖+鸧〗下，〖+玄鹤〗加。怠而後发，游
117_司马相如列传	unknown_bio	玄鹤	标注了〖+玄鹤〗但不在词表内	，连〖+驾鹅〗，双〖+鸧〗下，〖+玄鹤〗加。怠而後发，游於清池；浮〖*
117_司马相如列传	unknown_bio	玳瑁	标注了〖+玳瑁〗但不在词表内	张〖*翠帷〗，建〖*羽盖〗，罔〖+玳瑁〗，钓〖+紫贝〗；摐〖*金鼓〗，
117_司马相如列传	unknown_bio	紫贝	标注了〖+紫贝〗但不在词表内	建〖*羽盖〗，罔〖+玳瑁〗，钓〖+紫贝〗；摐〖*金鼓〗，吹鸣籁，榜人歌
117_司马相如列传	unknown_bio	水蟲	标注了〖+水蟲〗但不在词表内	鼓〗，吹鸣籁，榜人歌，声流喝，〖+水蟲〗骇，波鸿沸，涌泉起，奔扬会，礧
117_司马相如列传	unknown_bio	桂林	标注了〖+桂林〗但不在词表内	之阙，行乎〖=洲淤〗之浦，径乎〖+桂林〗之中，过乎〖=泱莽〗之野。汨乎
117_司马相如列传	unknown_bio	赤螭	标注了〖+赤螭〗但不在词表内	〗，衍溢陂池。於是乎〖+蛟龙〗〖+赤螭〗，〖+靧〗〖+亸〗〖+螹离〗，
117_司马相如列传	unknown_bio	靧	标注了〖+靧〗但不在词表内	。於是乎〖+蛟龙〗〖+赤螭〗，〖+靧〗〖+亸〗〖+螹离〗，〖+鰅〗〖
117_司马相如列传	unknown_bio	亸	标注了〖+亸〗但不在词表内	〖+蛟龙〗〖+赤螭〗，〖+靧〗〖+亸〗〖+螹离〗，〖+鰅〗〖+騄〗〖
117_司马相如列传	unknown_bio	螹离	标注了〖+螹离〗但不在词表内	〗〖+赤螭〗，〖+靧〗〖+亸〗〖+螹离〗，〖+鰅〗〖+騄〗〖+鰬魠〗，
117_司马相如列传	unknown_bio	鰅	标注了〖+鰅〗但不在词表内	，〖+靧〗〖+亸〗〖+螹离〗，〖+鰅〗〖+騄〗〖+鰬魠〗，〖+禺禺〗
117_司马相如列传	unknown_bio	騄	标注了〖+騄〗但不在词表内	〗〖+亸〗〖+螹离〗，〖+鰅〗〖+騄〗〖+鰬魠〗，〖+禺禺〗〖+鱋魶
117_司马相如列传	unknown_bio	鰬魠	标注了〖+鰬魠〗但不在词表内	〗〖+螹离〗，〖+鰅〗〖+騄〗〖+鰬魠〗，〖+禺禺〗〖+鱋魶〗，揵鳍擢
117_司马相如列传	unknown_bio	禺禺	标注了〖+禺禺〗但不在词表内	，〖+鰅〗〖+騄〗〖+鰬魠〗，〖+禺禺〗〖+鱋魶〗，揵鳍擢尾，振鳞奋翼
117_司马相如列传	unknown_bio	鱋魶	标注了〖+鱋魶〗但不在词表内	〖+騄〗〖+鰬魠〗，〖+禺禺〗〖+鱋魶〗，揵鳍擢尾，振鳞奋翼，潜处于深
117_司马相如列传	unknown_bio	鸿鹄	标注了〖+鸿鹄〗但不在词表内	磷烂烂，采色霅旰，丛积乎其中。〖+鸿鹄〗〖+鹔〗〖+鸨〗，〖+磻蟏〗〖
117_司马相如列传	unknown_bio	鹔	标注了〖+鹔〗但不在词表内	色霅旰，丛积乎其中。〖+鸿鹄〗〖+鹔〗〖+鸨〗，〖+磻蟏〗〖+鸀〗，
117_司马相如列传	unknown_bio	鸨	标注了〖+鸨〗但不在词表内	丛积乎其中。〖+鸿鹄〗〖+鹔〗〖+鸨〗，〖+磻蟏〗〖+鸀〗，〖+鴂〗
117_司马相如列传	unknown_bio	磻蟏	标注了〖+磻蟏〗但不在词表内	。〖+鸿鹄〗〖+鹔〗〖+鸨〗，〖+磻蟏〗〖+鸀〗，〖+鴂〗〖+目〗，〖
117_司马相如列传	unknown_bio	鸀	标注了〖+鸀〗但不在词表内	〗〖+鹔〗〖+鸨〗，〖+磻蟏〗〖+鸀〗，〖+鴂〗〖+目〗，〖+烦鹜〗
117_司马相如列传	unknown_bio	鴂	标注了〖+鴂〗但不在词表内	〖+鸨〗，〖+磻蟏〗〖+鸀〗，〖+鴂〗〖+目〗，〖+烦鹜〗〖+鷛醁〗
117_司马相如列传	unknown_bio	目	标注了〖+目〗但不在词表内	，〖+磻蟏〗〖+鸀〗，〖+鴂〗〖+目〗，〖+烦鹜〗〖+鷛醁〗，〖+澥
117_司马相如列传	unknown_bio	烦鹜	标注了〖+烦鹜〗但不在词表内	〗〖+鸀〗，〖+鴂〗〖+目〗，〖+烦鹜〗〖+鷛醁〗，〖+澥昉〗〖+鸕〗
117_司马相如列传	unknown_bio	鷛醁	标注了〖+鷛醁〗但不在词表内	，〖+鴂〗〖+目〗，〖+烦鹜〗〖+鷛醁〗，〖+澥昉〗〖+鸕〗，群浮乎其
117_司马相如列传	unknown_bio	澥昉	标注了〖+澥昉〗但不在词表内	+目〗，〖+烦鹜〗〖+鷛醁〗，〖+澥昉〗〖+鸕〗，群浮乎其上。汎淫泛滥
117_司马相如列传	unknown_bio	鸕	标注了〖+鸕〗但不在词表内	+烦鹜〗〖+鷛醁〗，〖+澥昉〗〖+鸕〗，群浮乎其上。汎淫泛滥，随风澹
117_司马相如列传	unknown_bio	菁藻	标注了〖+菁藻〗但不在词表内	澹淡，与波摇荡，掩薄草渚，唼喋〖+菁藻〗，咀嚼〖+菱藕〗。↵↵[2.1
117_司马相如列传	unknown_bio	菱藕	标注了〖+菱藕〗但不在词表内	掩薄草渚，唼喋〖+菁藻〗，咀嚼〖+菱藕〗。↵↵[2.14] "於是乎〖
117_司马相如列传	unknown_bio	绿蕙	标注了〖+绿蕙〗但不在词表内	亭皋〖%千里〗，靡不被筑。掩以〖+绿蕙〗，被以〖+江离〗，糅以〖+蘼芜
117_司马相如列传	unknown_bio	江离	标注了〖+江离〗但不在词表内	靡不被筑。掩以〖+绿蕙〗，被以〖+江离〗，糅以〖+蘼芜〗，杂以〖+流夷
117_司马相如列传	unknown_bio	蘼芜	标注了〖+蘼芜〗但不在词表内	+绿蕙〗，被以〖+江离〗，糅以〖+蘼芜〗，杂以〖+流夷〗。尃〖+结缕〗
117_司马相如列传	unknown_bio	流夷	标注了〖+流夷〗但不在词表内	+江离〗，糅以〖+蘼芜〗，杂以〖+流夷〗。尃〖+结缕〗，欑〖+戾莎〗，
117_司马相如列传	unknown_bio	结缕	标注了〖+结缕〗但不在词表内	〖+蘼芜〗，杂以〖+流夷〗。尃〖+结缕〗，欑〖+戾莎〗，揭〖+车〗〖+
117_司马相如列传	unknown_bio	戾莎	标注了〖+戾莎〗但不在词表内	以〖+流夷〗。尃〖+结缕〗，欑〖+戾莎〗，揭〖+车〗〖+衡兰〗，本〖+
117_司马相如列传	unknown_bio	车	标注了〖+车〗但不在词表内	尃〖+结缕〗，欑〖+戾莎〗，揭〖+车〗〖+衡兰〗，本〖+射干〗，〖+
117_司马相如列传	unknown_bio	衡兰	标注了〖+衡兰〗但不在词表内	缕〗，欑〖+戾莎〗，揭〖+车〗〖+衡兰〗，本〖+射干〗，〖+茈姜〗〖+
117_司马相如列传	unknown_bio	射干	标注了〖+射干〗但不在词表内	莎〗，揭〖+车〗〖+衡兰〗，本〖+射干〗，〖+茈姜〗〖+蘘荷〗，〖+葴
117_司马相如列传	unknown_bio	茈姜	标注了〖+茈姜〗但不在词表内	车〗〖+衡兰〗，本〖+射干〗，〖+茈姜〗〖+蘘荷〗，〖+葴〗〖+橙〗〖
117_司马相如列传	unknown_bio	蘘荷	标注了〖+蘘荷〗但不在词表内	兰〗，本〖+射干〗，〖+茈姜〗〖+蘘荷〗，〖+葴〗〖+橙〗〖+若荪〗，
117_司马相如列传	unknown_bio	葴	标注了〖+葴〗但不在词表内	射干〗，〖+茈姜〗〖+蘘荷〗，〖+葴〗〖+橙〗〖+若荪〗，〖+鲜枝〗
117_司马相如列传	unknown_bio	橙	标注了〖+橙〗但不在词表内	〖+茈姜〗〖+蘘荷〗，〖+葴〗〖+橙〗〖+若荪〗，〖+鲜枝〗〖+黄砾
117_司马相如列传	unknown_bio	若荪	标注了〖+若荪〗但不在词表内	〗〖+蘘荷〗，〖+葴〗〖+橙〗〖+若荪〗，〖+鲜枝〗〖+黄砾〗，〖+蒋
117_司马相如列传	unknown_bio	鲜枝	标注了〖+鲜枝〗但不在词表内	，〖+葴〗〖+橙〗〖+若荪〗，〖+鲜枝〗〖+黄砾〗，〖+蒋〗〖+芧〗〖
117_司马相如列传	unknown_bio	黄砾	标注了〖+黄砾〗但不在词表内	〖+橙〗〖+若荪〗，〖+鲜枝〗〖+黄砾〗，〖+蒋〗〖+芧〗〖+青薠〗，
117_司马相如列传	unknown_bio	蒋	标注了〖+蒋〗但不在词表内	若荪〗，〖+鲜枝〗〖+黄砾〗，〖+蒋〗〖+芧〗〖+青薠〗，布濩闳泽，
117_司马相如列传	unknown_bio	芧	标注了〖+芧〗但不在词表内	〖+鲜枝〗〖+黄砾〗，〖+蒋〗〖+芧〗〖+青薠〗，布濩闳泽，延曼〖=
117_司马相如列传	unknown_bio	青薠	标注了〖+青薠〗但不在词表内	〗〖+黄砾〗，〖+蒋〗〖+芧〗〖+青薠〗，布濩闳泽，延曼〖=太原〗，丽
117_司马相如列传	unknown_bio	偁旄	标注了〖+偁旄〗但不在词表内	〖%隆冬〗生长，踊水跃波；兽则〖+偁旄〗〖+敠犛〗，〖+沈牛〗〖+麈麋
117_司马相如列传	unknown_bio	敠犛	标注了〖+敠犛〗但不在词表内	生长，踊水跃波；兽则〖+偁旄〗〖+敠犛〗，〖+沈牛〗〖+麈麋〗，〖+赤
117_司马相如列传	unknown_bio	沈牛	标注了〖+沈牛〗但不在词表内	波；兽则〖+偁旄〗〖+敠犛〗，〖+沈牛〗〖+麈麋〗，〖+赤首〗〖+圜题
117_司马相如列传	unknown_bio	麈麋	标注了〖+麈麋〗但不在词表内	+偁旄〗〖+敠犛〗，〖+沈牛〗〖+麈麋〗，〖+赤首〗〖+圜题〗，〖+穷
117_司马相如列传	unknown_bio	赤首	标注了〖+赤首〗但不在词表内	敠犛〗，〖+沈牛〗〖+麈麋〗，〖+赤首〗〖+圜题〗，〖+穷奇〗〖+象〗
117_司马相如列传	unknown_bio	圜题	标注了〖+圜题〗但不在词表内	+沈牛〗〖+麈麋〗，〖+赤首〗〖+圜题〗，〖+穷奇〗〖+象〗〖+犀〗。
117_司马相如列传	unknown_bio	穷奇	标注了〖+穷奇〗但不在词表内	麈麋〗，〖+赤首〗〖+圜题〗，〖+穷奇〗〖+象〗〖+犀〗。其北则〖%盛
117_司马相如列传	unknown_bio	麒麟	标注了〖+麒麟〗但不在词表内	盛夏〗含冻裂地，涉冰揭河；兽则〖+麒麟〗〖+角湲〗，〖+騊駼〗〖+橐扆
117_司马相如列传	unknown_bio	角湲	标注了〖+角湲〗但不在词表内	裂地，涉冰揭河；兽则〖+麒麟〗〖+角湲〗，〖+騊駼〗〖+橐扆〗，〖+蛩
117_司马相如列传	unknown_bio	騊駼	标注了〖+騊駼〗但不在词表内	河；兽则〖+麒麟〗〖+角湲〗，〖+騊駼〗〖+橐扆〗，〖+蛩蛩〗〖+驒騱
117_司马相如列传	unknown_bio	橐扆	标注了〖+橐扆〗但不在词表内	+麒麟〗〖+角湲〗，〖+騊駼〗〖+橐扆〗，〖+蛩蛩〗〖+驒騱〗，〖+駃
117_司马相如列传	unknown_bio	蛩蛩	标注了〖+蛩蛩〗但不在词表内	角湲〗，〖+騊駼〗〖+橐扆〗，〖+蛩蛩〗〖+驒騱〗，〖+駃騠〗〖+驴〗
117_司马相如列传	unknown_bio	驒騱	标注了〖+驒騱〗但不在词表内	+騊駼〗〖+橐扆〗，〖+蛩蛩〗〖+驒騱〗，〖+駃騠〗〖+驴〗〖+骡〗。
117_司马相如列传	unknown_bio	駃騠	标注了〖+駃騠〗但不在词表内	橐扆〗，〖+蛩蛩〗〖+驒騱〗，〖+駃騠〗〖+驴〗〖+骡〗。↵↵[2.1
117_司马相如列传	unknown_bio	卢橘	标注了〖+卢橘〗但不在词表内	焉。↵↵[2.16] "於是乎〖+卢橘〗〖%夏〗孰，〖+黄甘〗〖+橙楱
117_司马相如列传	unknown_bio	黄甘	标注了〖+黄甘〗但不在词表内	"於是乎〖+卢橘〗〖%夏〗孰，〖+黄甘〗〖+橙楱〗，〖+枇杷〗〖+橪〗
117_司马相如列传	unknown_bio	橙楱	标注了〖+橙楱〗但不在词表内	+卢橘〗〖%夏〗孰，〖+黄甘〗〖+橙楱〗，〖+枇杷〗〖+橪〗〖+柿〗，
117_司马相如列传	unknown_bio	枇杷	标注了〖+枇杷〗但不在词表内	夏〗孰，〖+黄甘〗〖+橙楱〗，〖+枇杷〗〖+橪〗〖+柿〗，〖+楟〗〖+
117_司马相如列传	unknown_bio	橪	标注了〖+橪〗但不在词表内	+黄甘〗〖+橙楱〗，〖+枇杷〗〖+橪〗〖+柿〗，〖+楟〗〖+柰〗〖+
117_司马相如列传	unknown_bio	柿	标注了〖+柿〗但不在词表内	〖+橙楱〗，〖+枇杷〗〖+橪〗〖+柿〗，〖+楟〗〖+柰〗〖+厚朴〗，
117_司马相如列传	unknown_bio	楟	标注了〖+楟〗但不在词表内	，〖+枇杷〗〖+橪〗〖+柿〗，〖+楟〗〖+柰〗〖+厚朴〗，〖+甹枣〗
117_司马相如列传	unknown_bio	柰	标注了〖+柰〗但不在词表内	杷〗〖+橪〗〖+柿〗，〖+楟〗〖+柰〗〖+厚朴〗，〖+甹枣〗〖+杨梅
117_司马相如列传	unknown_bio	厚朴	标注了〖+厚朴〗但不在词表内	橪〗〖+柿〗，〖+楟〗〖+柰〗〖+厚朴〗，〖+甹枣〗〖+杨梅〗，〖+樱
117_司马相如列传	unknown_bio	甹枣	标注了〖+甹枣〗但不在词表内	，〖+楟〗〖+柰〗〖+厚朴〗，〖+甹枣〗〖+杨梅〗，〖+樱桃〗〖+蒲陶
117_司马相如列传	unknown_bio	杨梅	标注了〖+杨梅〗但不在词表内	〖+柰〗〖+厚朴〗，〖+甹枣〗〖+杨梅〗，〖+樱桃〗〖+蒲陶〗，〖+隐
117_司马相如列传	unknown_bio	樱桃	标注了〖+樱桃〗但不在词表内	厚朴〗，〖+甹枣〗〖+杨梅〗，〖+樱桃〗〖+蒲陶〗，〖+隐夫〗〖+郁棣
117_司马相如列传	unknown_bio	蒲陶	标注了〖+蒲陶〗但不在词表内	+甹枣〗〖+杨梅〗，〖+樱桃〗〖+蒲陶〗，〖+隐夫〗〖+郁棣〗，〖+榙
117_司马相如列传	unknown_bio	隐夫	标注了〖+隐夫〗但不在词表内	杨梅〗，〖+樱桃〗〖+蒲陶〗，〖+隐夫〗〖+郁棣〗，〖+榙〗〖+濛〗〖
117_司马相如列传	unknown_bio	郁棣	标注了〖+郁棣〗但不在词表内	+樱桃〗〖+蒲陶〗，〖+隐夫〗〖+郁棣〗，〖+榙〗〖+濛〗〖+荔枝〗，
117_司马相如列传	unknown_bio	榙	标注了〖+榙〗但不在词表内	蒲陶〗，〖+隐夫〗〖+郁棣〗，〖+榙〗〖+濛〗〖+荔枝〗，罗乎後宫，
117_司马相如列传	unknown_bio	濛	标注了〖+濛〗但不在词表内	〖+隐夫〗〖+郁棣〗，〖+榙〗〖+濛〗〖+荔枝〗，罗乎後宫，列乎北园
117_司马相如列传	unknown_bio	荔枝	标注了〖+荔枝〗但不在词表内	〗〖+郁棣〗，〖+榙〗〖+濛〗〖+荔枝〗，罗乎後宫，列乎北园。崒丘陵，
117_司马相如列传	unknown_bio	沙棠	标注了〖+沙棠〗但不在词表内	荣，煌煌扈扈，照曜〖=钜野〗。〖+沙棠〗〖+栎〗〖+櫧〗，〖+华氾〗〖
117_司马相如列传	unknown_bio	栎	标注了〖+栎〗但不在词表内	扈，照曜〖=钜野〗。〖+沙棠〗〖+栎〗〖+櫧〗，〖+华氾〗〖+弇栌〗
117_司马相如列传	unknown_bio	櫧	标注了〖+櫧〗但不在词表内	〖=钜野〗。〖+沙棠〗〖+栎〗〖+櫧〗，〖+华氾〗〖+弇栌〗，〖+留
117_司马相如列传	unknown_bio	华氾	标注了〖+华氾〗但不在词表内	。〖+沙棠〗〖+栎〗〖+櫧〗，〖+华氾〗〖+弇栌〗，〖+留落〗〖+胥馀
117_司马相如列传	unknown_bio	弇栌	标注了〖+弇栌〗但不在词表内	〗〖+栎〗〖+櫧〗，〖+华氾〗〖+弇栌〗，〖+留落〗〖+胥馀〗，〖+仁
117_司马相如列传	unknown_bio	留落	标注了〖+留落〗但不在词表内	+櫧〗，〖+华氾〗〖+弇栌〗，〖+留落〗〖+胥馀〗，〖+仁频〗〖+并闾
117_司马相如列传	unknown_bio	胥馀	标注了〖+胥馀〗但不在词表内	+华氾〗〖+弇栌〗，〖+留落〗〖+胥馀〗，〖+仁频〗〖+并闾〗，〖+欃
117_司马相如列传	unknown_bio	仁频	标注了〖+仁频〗但不在词表内	弇栌〗，〖+留落〗〖+胥馀〗，〖+仁频〗〖+并闾〗，〖+欃檀〗〖+木兰
117_司马相如列传	unknown_bio	并闾	标注了〖+并闾〗但不在词表内	+留落〗〖+胥馀〗，〖+仁频〗〖+并闾〗，〖+欃檀〗〖+木兰〗，〖+豫
117_司马相如列传	unknown_bio	欃檀	标注了〖+欃檀〗但不在词表内	胥馀〗，〖+仁频〗〖+并闾〗，〖+欃檀〗〖+木兰〗，〖+豫章〗〖+女贞
117_司马相如列传	unknown_bio	木兰	标注了〖+木兰〗但不在词表内	+仁频〗〖+并闾〗，〖+欃檀〗〖+木兰〗，〖+豫章〗〖+女贞〗，长千仞
117_司马相如列传	unknown_bio	豫章	标注了〖+豫章〗但不在词表内	并闾〗，〖+欃檀〗〖+木兰〗，〖+豫章〗〖+女贞〗，长千仞，大连抱，夸
117_司马相如列传	unknown_bio	女贞	标注了〖+女贞〗但不在词表内	+欃檀〗〖+木兰〗，〖+豫章〗〖+女贞〗，长千仞，大连抱，夸条直暢，实
117_司马相如列传	unknown_bio	玄猿	标注了〖+玄猿〗但不在词表内	无穷。↵↵[2.17] "於是〖+玄猿〗〖+素雌〗，〖+蜼〗〖+玃〗〖
117_司马相如列传	unknown_bio	素雌	标注了〖+素雌〗但不在词表内	[2.17] "於是〖+玄猿〗〖+素雌〗，〖+蜼〗〖+玃〗〖+飞鸓〗，
117_司马相如列传	unknown_bio	蜼	标注了〖+蜼〗但不在词表内	 "於是〖+玄猿〗〖+素雌〗，〖+蜼〗〖+玃〗〖+飞鸓〗，〖+蛭蜩〗
117_司马相如列传	unknown_bio	玃	标注了〖+玃〗但不在词表内	〖+玄猿〗〖+素雌〗，〖+蜼〗〖+玃〗〖+飞鸓〗，〖+蛭蜩〗〖+蠗蝚
117_司马相如列传	unknown_bio	飞鸓	标注了〖+飞鸓〗但不在词表内	〗〖+素雌〗，〖+蜼〗〖+玃〗〖+飞鸓〗，〖+蛭蜩〗〖+蠗蝚〗，〖+螹
117_司马相如列传	unknown_bio	蛭蜩	标注了〖+蛭蜩〗但不在词表内	，〖+蜼〗〖+玃〗〖+飞鸓〗，〖+蛭蜩〗〖+蠗蝚〗，〖+螹胡〗〖+蛫〗
117_司马相如列传	unknown_bio	蠗蝚	标注了〖+蠗蝚〗但不在词表内	〖+玃〗〖+飞鸓〗，〖+蛭蜩〗〖+蠗蝚〗，〖+螹胡〗〖+蛫〗，栖息乎其
117_司马相如列传	unknown_bio	螹胡	标注了〖+螹胡〗但不在词表内	飞鸓〗，〖+蛭蜩〗〖+蠗蝚〗，〖+螹胡〗〖+蛫〗，栖息乎其间；长啸哀鸣
117_司马相如列传	unknown_bio	蛫	标注了〖+蛫〗但不在词表内	+蛭蜩〗〖+蠗蝚〗，〖+螹胡〗〖+蛫〗，栖息乎其间；长啸哀鸣，翩幡互
117_司马相如列传	unknown_bio	貔	标注了〖+貔〗但不在词表内	雨施。"↵↵[2.20] "生〖+貔〗〖+豹〗，搏〖+豺〗〖+狼〗，
117_司马相如列传	unknown_bio	野羊	标注了〖+野羊〗但不在词表内	+狼〗，手〖+熊〗〖+罴〗，足〖+野羊〗，蒙〖+鹖〗苏，绔〖+白虎〗，
117_司马相如列传	unknown_bio	鹖	标注了〖+鹖〗但不在词表内	熊〗〖+罴〗，足〖+野羊〗，蒙〖+鹖〗苏，绔〖+白虎〗，被〖+豳〗文
117_司马相如列传	unknown_bio	白虎	标注了〖+白虎〗但不在词表内	足〖+野羊〗，蒙〖+鹖〗苏，绔〖+白虎〗，被〖+豳〗文，跨〖+野马〗。
117_司马相如列传	unknown_bio	豳	标注了〖+豳〗但不在词表内	蒙〖+鹖〗苏，绔〖+白虎〗，被〖+豳〗文，跨〖+野马〗。陵三颙之危，
117_司马相如列传	unknown_bio	野马	标注了〖+野马〗但不在词表内	绔〖+白虎〗，被〖+豳〗文，跨〖+野马〗。陵三颙之危，下碛历之坻；俓鷟
117_司马相如列传	unknown_bio	解豸	标注了〖+解豸〗但不在词表内	赴险，越壑厉水。推〚蜚廉〛，弄〖+解豸〗，格〖+瑕蛤〗，鋋〖+猛氏〗，
117_司马相如列传	unknown_bio	瑕蛤	标注了〖+瑕蛤〗但不在词表内	。推〚蜚廉〛，弄〖+解豸〗，格〖+瑕蛤〗，鋋〖+猛氏〗，罥〖+騕褭〗，
117_司马相如列传	unknown_bio	猛氏	标注了〖+猛氏〗但不在词表内	弄〖+解豸〗，格〖+瑕蛤〗，鋋〖+猛氏〗，罥〖+騕褭〗，射〖+封豕〗。
117_司马相如列传	unknown_bio	騕褭	标注了〖+騕褭〗但不在词表内	格〖+瑕蛤〗，鋋〖+猛氏〗，罥〖+騕褭〗，射〖+封豕〗。箭不苟害，解脰
117_司马相如列传	unknown_bio	封豕	标注了〖+封豕〗但不在词表内	鋋〖+猛氏〗，罥〖+騕褭〗，射〖+封豕〗。箭不苟害，解脰陷脑；弓不虚发
117_司马相如列传	unknown_bio	狡兔	标注了〖+狡兔〗但不在词表内	禽，槅履狡兽，轊〖+白鹿〗，捷〖+狡兔〗，轶〖+赤电〗，遗光燿，追怪物
117_司马相如列传	unknown_bio	赤电	标注了〖+赤电〗但不在词表内	轊〖+白鹿〗，捷〖+狡兔〗，轶〖+赤电〗，遗光燿，追怪物，出宇宙，弯〖
117_司马相如列传	unknown_bio	游枭	标注了〖+游枭〗但不在词表内	弯〖*繁弱〗，满〖*白羽〗，射〖+游枭〗，栎〖+蜚虡〗，择肉後发，先中
117_司马相如列传	unknown_bio	蜚虡	标注了〖+蜚虡〗但不在词表内	满〖*白羽〗，射〖+游枭〗，栎〖+蜚虡〗，择肉後发，先中命处，弦矢分，
117_司马相如列传	unknown_bio	玄鹤	标注了〖+玄鹤〗但不在词表内	风，历骇梠，乘虚无，与神俱，辚〖+玄鹤〗，乱〖+昆鸡〗。遒〖+孔鸾〗，
117_司马相如列传	unknown_bio	昆鸡	标注了〖+昆鸡〗但不在词表内	虚无，与神俱，辚〖+玄鹤〗，乱〖+昆鸡〗。遒〖+孔鸾〗，促〖+鵕璘〗，
117_司马相如列传	unknown_bio	孔鸾	标注了〖+孔鸾〗但不在词表内	辚〖+玄鹤〗，乱〖+昆鸡〗。遒〖+孔鸾〗，促〖+鵕璘〗，拂〖+鹥鸟〗，
117_司马相如列传	unknown_bio	鵕璘	标注了〖+鵕璘〗但不在词表内	乱〖+昆鸡〗。遒〖+孔鸾〗，促〖+鵕璘〗，拂〖+鹥鸟〗，捎〖+凤皇〗，
117_司马相如列传	unknown_bio	鹥鸟	标注了〖+鹥鸟〗但不在词表内	遒〖+孔鸾〗，促〖+鵕璘〗，拂〖+鹥鸟〗，捎〖+凤皇〗，捷〖+鸳雏〗，
117_司马相如列传	unknown_bio	鸳雏	标注了〖+鸳雏〗但不在词表内	拂〖+鹥鸟〗，捎〖+凤皇〗，捷〖+鸳雏〗，掩〚焦明〛。↵↵[2.22]
117_司马相如列传	unknown_bio	玄鹤	标注了〖+玄鹤〗但不在词表内	》之林，射貍首，兼〚驺虞〛，弋〖+玄鹤〗，建〖*干戚〗，载〖*云鶒〗，
117_司马相如列传	unknown_bio	彘	标注了〖+彘〗但不在词表内	是时〖#天子〗方好自击〖+熊〗〖+彘〗，驰逐〖+野兽〗，〖@相如〗上
117_司马相如列传	unknown_bio	蓬蒿	标注了〖+蓬蒿〗但不在词表内	後驰，犹时有衔橛之变，而况涉乎〖+蓬蒿〗，驰乎丘坟，前有利兽之乐而内无
117_司马相如列传	unknown_bio	赤螭	标注了〖+赤螭〗但不在词表内	龙〛〖*象舆〗之蠖略逶丽兮，骖〖+赤螭〗〖+青虬〗之鞮蟉蜿蜒。低卬夭蟜
117_司马相如列传	unknown_bio	青虬	标注了〖+青虬〗但不在词表内	舆〗之蠖略逶丽兮，骖〖+赤螭〗〖+青虬〗之鞮蟉蜿蜒。低卬夭蟜据以骄骜兮
117_司马相如列传	unknown_bio	琼华	标注了〖+琼华〗但不在词表内	沆瀣餐朝霞，噍咀〖+芝〗英兮叽〖+琼华〗。嬐侵浔而高纵兮，纷鸿涌而上厉
117_司马相如列传	unknown_bio	麋	标注了〖+麋〗但不在词表内	面内。然後囿〚驺虞〛之珍群，徼〖+麋〗〖+鹿〗之怪兽，鳒一茎六穗於庖
117_司马相如列传	unknown_bio	龟	标注了〖+龟〗但不在词表内	於庖，牺双共抵之兽，获周馀珍收〖+龟〗于〖=岐〗，招〖+翠〗〖+黄〗
117_司马相如列传	unknown_bio	翠	标注了〖+翠〗但不在词表内	周馀珍收〖+龟〗于〖=岐〗，招〖+翠〗〖+黄〗乘〖+龙〗於沼。〚鬼神
117_司马相如列传	unknown_bio	黄	标注了〖+黄〗但不在词表内	〖+龟〗于〖=岐〗，招〖+翠〗〖+黄〗乘〖+龙〗於沼。〚鬼神〛接〚灵
117_司马相如列传	unknown_bio	麟	标注了〖+麟〗但不在词表内	以兴。↵↵[14.7] 濯濯之〖+麟〗，游彼灵畤。〖%孟冬十月〗，君
117_司马相如列传	unknown_bio	黄龙	标注了〖+黄龙〗但不在词表内	未尝有。↵↵[14.8] 宛宛〖+黄龙〗，兴德而升；采色炫燿，熿炳煇煌
117_司马相如列传	cross_type	青虬	同时标为 biology 和 mythical	
117_司马相如列传	cross_type	若	同时标为 biology 和 place	
118_淮南衡山列传	unknown_bio	麋	标注了〖+麋〗但不在词表内	，〖;吴王〗不用，乃曰'臣今见〖+麋〗〖+鹿〗游〖=姑苏〗之〖*台〗
118_淮南衡山列传	unknown_bio	荆棘	标注了〖+荆棘〗但不在词表内	[18.1] 。今臣亦见宫中生〖+荆棘〗，露霑衣也。"王怒，系〖@伍被
123_大宛列传	unknown_bio	蒲陶	标注了〖+蒲陶〗但不在词表内	土著，耕田，田〖*稻〗*麦。有〖+蒲陶〗酒。多善马，马〖*汗〗血，其先
123_大宛列传	unknown_bio	蒲陶	标注了〖+蒲陶〗但不在词表内	俗土著，耕田，田〖*稻〗*麦，〖+蒲陶〗酒。城邑如大宛。其属小大数百城
123_大宛列传	unknown_bio	邛竹	标注了〖+邛竹〗但不在词表内	骞〗曰："臣在〖'大夏〗时，见〖+邛竹〗〖*杖〗、〖*蜀布〗。问曰：'
123_大宛列传	unknown_bio	蒲陶	标注了〖+蒲陶〗但不在词表内	於〖'汉〗使焉。〖~宛〗左右以〖+蒲陶〗为〖*酒〗，富人藏〖*酒〗至〖
123_大宛列传	unknown_bio	苜蓿	标注了〖+苜蓿〗但不在词表内	不败。俗嗜〖*酒〗，〖*马〗嗜〖+苜蓿〗。〖'汉〗使取其实来，於是〖#
123_大宛列传	unknown_bio	苜蓿	标注了〖+苜蓿〗但不在词表内	使取其实来，於是〖#天子〗始种〖+苜蓿〗、〖+蒲陶〗肥饶地。及〖*天马
123_大宛列传	unknown_bio	蒲陶	标注了〖+蒲陶〗但不在词表内	於是〖#天子〗始种〖+苜蓿〗、〖+蒲陶〗肥饶地。及〖*天马〗多，外国使
123_大宛列传	unknown_bio	蒲萄	标注了〖+蒲萄〗但不在词表内	使来众，则〖^离宫别观〗旁尽种〖+蒲萄〗、〖+苜蓿〗极望。自〖~大宛〗
123_大宛列传	unknown_bio	苜蓿	标注了〖+苜蓿〗但不在词表内	^离宫别观〗旁尽种〖+蒲萄〗、〖+苜蓿〗极望。自〖~大宛〗以西至〖~安
126_滑稽列传	unknown_bio	楩	标注了〖+楩〗但不在词表内	玉〖*为〗棺，文梓〖*为〗椁，〖+楩〗〖+枫〗〖+豫章〗为题凑，发甲
126_滑稽列传	unknown_bio	枫	标注了〖+枫〗但不在词表内	〗棺，文梓〖*为〗椁，〖+楩〗〖+枫〗〖+豫章〗为题凑，发甲卒为穿壙
126_滑稽列传	unknown_bio	豫章	标注了〖+豫章〗但不在词表内	梓〖*为〗椁，〖+楩〗〖+枫〗〖+豫章〗为题凑，发甲卒为穿壙，老弱负土
126_滑稽列传	unknown_bio	木兰	标注了〖+木兰〗但不在词表内	〖*为〗棺，赍以姜**枣，荐以〖+木兰〗，祭以〖+粮稻〗，衣以火光，葬
126_滑稽列传	unknown_bio	粮稻	标注了〖+粮稻〗但不在词表内	姜**枣，荐以〖+木兰〗，祭以〖+粮稻〗，衣以火光，葬之於人腹肠。"於
126_滑稽列传	unknown_bio	蒲苇	标注了〖+蒲苇〗但不在词表内	已又曰："某所有公田〖*鱼〗池〖+蒲苇〗〖%数顷〗，〖#陛下〗以赐臣，
126_滑稽列传	untagged	六畜	词表词未标注	为之柰何？"优孟曰："请为大王六畜葬之。以垅灶〖*为〗椁，铜历〖
127_日者列传	unknown_bio	兰芷芎藭	标注了〖+兰芷芎藭〗但不在词表内	〖*鸱枭〗之与〖*凤皇〗翔乎？〖+兰芷芎藭〗弃於〖@广野〗，〖+蒿萧〗成林
127_日者列传	unknown_bio	蒿萧	标注了〖+蒿萧〗但不在词表内	〖+兰芷芎藭〗弃於〖@广野〗，〖+蒿萧〗成林，使〔君子〕退而不显众，公
128_龟策列传	unknown_bio	莲叶	标注了〖+莲叶〗但不在词表内	长老，云〖^龟〗〖%千岁〗乃游〖+莲叶〗之上，〖^蓍〗〖%百茎〗共一根
128_龟策列传	unknown_bio	兔丝	标注了〖+兔丝〗但不在词表内	。传曰："下有〖^伏灵〗，上有〖+兔丝〗；上有〖+捣蓍〗，下有神〖^龟
128_龟策列传	unknown_bio	捣蓍	标注了〖+捣蓍〗但不在词表内	^伏灵〗，上有〖+兔丝〗；上有〖+捣蓍〗，下有神〖^龟〗。"所谓〖^伏
128_龟策列传	unknown_bio	兔丝	标注了〖+兔丝〗但不在词表内	^龟〗。"所谓〖^伏灵〗者，在〖+兔丝〗之下，状似〖*飞鸟〗之形。新雨
128_龟策列传	unknown_bio	兔丝	标注了〖+兔丝〗但不在词表内	新雨已，天〔清静〕无风，以夜捎〖+兔丝〗去之，既以鮸〖*烛〗此地〖*烛
128_龟策列传	unknown_bio	莲	标注了〖+莲〗但不在词表内	嘉林。〖^龟〗在其中，常巢於芳〖+莲〗之上。左胁书文曰：'甲〖@子重
128_龟策列传	unknown_bio	桑麻	标注了〖+桑麻〗但不在词表内	立官置吏，劝以爵禄。〖*衣〗以〖+桑麻〗，养以〖*五穀〗。耕之櫌之，鉏
128_龟策列传	unknown_bio	松柏	标注了〖+松柏〗但不在词表内	。〖+竹〗外有节理，中直空虚；〖+松柏〗为百〖+木〗长，而守门闾。〖!
128_龟策列传	untagged	六畜	词表词未标注	〖^赋敛〗无度，杀戮无方。杀人六畜，以〖*韦〗为囊。囊盛其〖*血
129_货殖列传	unknown_bio	梓	标注了〖+梓〗但不在词表内	*丝〗、声色；〖=江南〗出棻、〖+梓〗、〖+姜〗、〖+桂〗、〖*金〗
129_货殖列传	unknown_bio	姜	标注了〖+姜〗但不在词表内	色；〖=江南〗出棻、〖+梓〗、〖+姜〗、〖+桂〗、〖*金〗、〖*锡〗
129_货殖列传	unknown_bio	桂	标注了〖+桂〗但不在词表内	南〗出棻、〖+梓〗、〖+姜〗、〖+桂〗、〖*金〗、〖*锡〗、连、〖*
129_货殖列传	unknown_bio	卮	标注了〖+卮〗但不在词表内	巴蜀〗。〖=巴蜀〗亦沃野，地饶〖+卮〗、〖+姜〗、〖*丹沙〗、〖*石
129_货殖列传	unknown_bio	姜	标注了〖+姜〗但不在词表内	=巴蜀〗亦沃野，地饶〖+卮〗、〖+姜〗、〖*丹沙〗、〖*石〗、〖*铜
129_货殖列传	unknown_bio	桑麻	标注了〖+桑麻〗但不在词表内	齐〗带山海，膏壤〖%千里〗，宜〖+桑麻〗，人民多文采布帛**鱼盐。〖=
129_货殖列传	unknown_bio	桑麻	标注了〖+桑麻〗但不在词表内	备於〖^礼〗，故其民龊龊。颇有〖+桑麻〗之业，无林泽之饶。地小人众，俭
129_货殖列传	unknown_bio	竹木	标注了〖+竹木〗但不在词表内	江南〗卑湿，〖;丈夫〗早夭。多〖+竹木〗。〖=豫章〗出〖*黄金〗，〖=
129_货殖列传	unknown_bio	果	标注了〖+果〗但不在词表内	稻〗羹〖*鱼〗，或火耕而水耨，〖+果〗隋蠃蛤，不待贾而足，地埶饶食，
129_货殖列传	unknown_bio	桑麻	标注了〖+桑麻〗但不在词表内	、〖=泗〗水以北，宜〖*五穀〗〖+桑麻〗六畜，地小人众，数被水旱之害，
129_货殖列传	unknown_bio	萩	标注了〖+萩〗但不在词表内	，〖=河济〗之间〖%千〖+树〗〖+萩〗；陈、夏〗〖=千亩〗〖+漆〗；
129_货殖列传	unknown_bio	漆	标注了〖+漆〗但不在词表内	〗〖+萩〗；陈、夏〗〖=千亩〗〖+漆〗；〖=齐〗、〖=鲁〗〖%千亩〖
129_货殖列传	unknown_bio	桑麻	标注了〖+桑麻〗但不在词表内	〗；〖=齐〗、〖=鲁〗〖%千亩〖+桑麻〗；渭川〗〖=千亩〗〖+竹〗；及
129_货殖列传	unknown_bio	卮茜	标注了〖+卮茜〗但不在词表内	%千亩〗亩锺之田，若〖%千亩〗〖+卮茜〗，〖%千畦〗〖+姜韭〗：此其人
129_货殖列传	unknown_bio	姜韭	标注了〖+姜韭〗但不在词表内	%千亩〗〖+卮茜〗，〖%千畦〗〖+姜韭〗：此其人皆与〖%千户〗侯等。然
129_货殖列传	unknown_bio	木铁	标注了〖+木铁〗但不在词表内	+木〗器魨者千枚，铜器千钧，素〖+木铁〗器若〖+卮茜〗千石，马蹄躈千，
129_货殖列传	unknown_bio	卮茜	标注了〖+卮茜〗但不在词表内	枚，铜器千钧，素〖+木铁〗器若〖+卮茜〗千石，马蹄躈千，牛千足，羊**
129_货殖列传	unknown_bio	枣栗	标注了〖+枣栗〗但不在词表内	{此鱼}千斤，鲰千石，鲍千钧，〖+枣栗〗千石者三之，狐〖*龂〗裘千皮，
129_货殖列传	unknown_bio	果菜	标注了〖+果菜〗但不在词表内	千皮，羔羊裘千石，旃席千具，佗〖+果菜〗千锺，子贷金钱〖%千贯〗，节駔
129_货殖列传	cross_type	枣	同时标为 biology 和 artifact	
129_货殖列传	cross_type	漆	同时标为 biology 和 artifact	
129_货殖列传	cross_type	果	同时标为 biology 和 artifact	
129_货殖列传	untagged	六畜	词表词未标注	水以北，宜〖*五穀〗〖+桑麻〗六畜，地小人众，数被水旱之害，民好
129_货殖列传	untagged	猛兽	词表词未标注	衣服，与用事僮仆同苦乐，趋时若猛兽〖*挚〗鸟之发。故曰："吾治生
